{"cameraMode":{"drawMode":0,"name":"Shaded","section":"Shading Mode"},"sceneLighting":true,"audioPlay":false,"sceneViewState":{"showFog":true,"showMaterialUpdate":false,"showSkybox":true,"showFlares":true,"showImageEffects":true,"showParticleSystems":true},"in2DMode":false,"pivot":{"x":-5.373469352722168,"y":1.5754772424697877,"z":-5.5016021728515629},"rotation":{"x":-0.019373616203665735,"y":0.9203171133995056,"z":-0.04586498811841011,"w":-0.38802996277809145},"size":5.736676216125488,"orthographic":false}